{
  "name": "linkup",
  "requests": [
    {
      "v": "1",
      "endpoint": "http://localhost:8000/library/create",
      "name": "create library",
      "params": [],
      "headers": [],
      "method": "POST",
      "auth": {
        "authActive": true,
        "authType": "none"
      },
      "preRequestScript": "",
      "testScript": "",
      "body": {
        "body": "{\n\t\"userId\": \"user2\",\n\t\"libraryId\": \"id\",\n  \t\"libraryName\": \"name\",\n\t\"links\": [{\n\t\t\t\"url\": \"url\",\n\t\t\t\"description\": \"desc\"\n\t\t},\n\t\t{\n\t\t\t\"url\": \"url\",\n\t\t\t\"description\": \"desc\"\n\t\t},\n\t\t{\n\t\t\t\"url\": \"url\",\n\t\t\t\"description\": \"desc\"\n\t\t}\n\t]\n}",
        "contentType": "application/json"
      }
    },
    {
      "v": "1",
      "body": {
        "contentType": "application/json",
        "body": "{\n  \"userId\": \"id\"\n}"
      },
      "method": "POST",
      "name": "copy library",
      "headers": [],
      "testScript": "",
      "preRequestScript": "",
      "endpoint": "http://localhost:8000/library/{libraryid}/copy",
      "auth": {
        "authActive": true,
        "authType": "none"
      },
      "params": []
    },
    {
      "v": "1",
      "endpoint": "http://localhost:8000/library/7365763786478",
      "name": "get library",
      "params": [],
      "headers": [],
      "method": "GET",
      "auth": {
        "authType": "none",
        "authActive": true
      },
      "preRequestScript": "",
      "testScript": "",
      "body": {
        "body": null,
        "contentType": null
      }
    },
    {
      "v": "1",
      "endpoint": "http://localhost:8000/user2/libraries",
      "name": "get all libraries",
      "params": [],
      "headers": [],
      "method": "GET",
      "auth": {
        "authActive": true,
        "authType": "none"
      },
      "preRequestScript": "",
      "testScript": "",
      "body": {
        "contentType": null,
        "body": null
      }
    }
  ],
  "folders": [],
  "v": 1
}